3486;681592;11/10/1950;male;undefined;;;;;OCTOPUS 1-2-3;?;?;?;;;3.6.1;0;G;3;100;0;31.4;6;0;0;00:01:56;10/11/2010;08:49:38;4;59;69;0;3;0;4;0;;+2.25;;;;;;80;80;267;-1;277;-80;80;276;-1;276;-80;-80;276;-1;277;80;-80;256;-1;278;-200;40;271;-1;270;-200;-40;271;-1;272;20;20;299;-1;299;-20;20;304;-1;299;-20;-20;282;-1;299;20;-20;300;-1;300;40;200;253;-1;254;-40;200;259;-1;252;-40;-200;245;-1;258;40;-200;247;-1;260;220;40;259;-1;272;220;-40;275;-1;273;200;200;244;-1;245;-200;200;252;-1;239;-200;-200;241;-1;243;200;-200;272;-1;249;40;40;284;-1;288;-40;40;298;-1;288;-40;-40;291;-1;289;40;-40;279;-1;288;260;80;272;-1;264;260;-80;270;-1;265;-260;40;264;-1;261;-260;-40;263;-1;262;120;120;263;-1;267;-120;120;273;-1;264;-120;-120;263;-1;266;120;-120;262;-1;269;80;260;260;-1;240;-80;260;256;-1;237;-80;-260;242;-1;246;80;-260;253;-1;249;40;140;221;-1;268;-40;140;283;-1;266;-40;-140;272;-1;270;40;-140;220;-1;272;-140;40;275;-1;279;-140;-40;275;-1;280;0;0;308;-1;311;120;200;275;-1;251;-120;200;269;-1;247;-120;-200;252;-1;253;120;-200;286;-1;256;200;120;262;-1;263;-200;120;262;-1;257;-200;-120;263;-1;260;200;-120;297;-1;265;80;20;269;-1;290;-80;20;290;-1;290;-80;-20;279;-1;291;80;-20;275;-1;291;20;80;305;-1;281;-20;80;291;-1;280;-30;-90;280;-1;280;30;-90;254;-1;281

69796;681592;11/10/1950;male;undefined;;;;;OCTOPUS 1-2-3;?;?;?;;;3.6.1;0;G;3;100;0;31.4;6;0;0;00:01:59;29/04/2015;12:52:35;4;59;70;1;3;0;4;0;;+2;-0.75;144;;;;80;80;251;-1;275;-80;80;281;-1;274;-80;-80;288;-1;275;80;-80;275;-1;276;-200;40;275;-1;268;-200;-40;286;-1;270;20;20;294;-1;297;-20;20;301;-1;297;-20;-20;306;-1;297;20;-20;294;-1;298;40;200;242;-1;252;-40;200;239;-1;250;-40;-200;253;-1;256;40;-200;253;-1;258;220;40;269;-1;270;220;-40;269;-1;271;200;200;237;-1;243;-200;200;239;-1;237;-200;-200;239;-1;241;200;-200;240;-1;247;40;40;277;-1;286;-40;40;296;-1;286;-40;-40;303;-1;287;40;-40;289;-1;286;260;80;261;-1;262;260;-80;261;-1;263;-260;40;276;-1;259;-260;-40;280;-1;260;120;120;256;-1;265;-120;120;267;-1;262;-120;-120;262;-1;264;120;-120;263;-1;267;80;260;250;-1;238;-80;260;226;-1;235;-80;-260;247;-1;244;80;-260;249;-1;247;40;140;208;-1;266;-40;140;275;-1;264;-40;-140;264;-1;268;40;-140;264;-1;270;-140;40;286;-1;277;-140;-40;277;-1;278;0;0;307;-1;309;120;200;269;-1;249;-120;200;215;-1;245;-120;-200;252;-1;251;120;-200;252;-1;254;200;120;261;-1;261;-200;120;277;-1;255;-200;-120;260;-1;258;200;-120;253;-1;263;80;20;269;-1;288;-80;20;279;-1;288;-80;-20;316;-1;289;80;-20;290;-1;289;20;80;270;-1;279;-20;80;280;-1;278;-30;-90;270;-1;278;30;-90;280;-1;279

69797;681592;11/10/1950;male;undefined;;;;;OCTOPUS 1-2-3;?;?;?;;;3.6.1;0;G;3;100;0;31.4;6;0;0;00:01:56;20/06/2016;09:54:24;4;59;69;0;3;0;4;0;;0;0;;;;;80;80;307;-1;274;-80;80;307;-1;273;-80;-80;300;-1;274;80;-80;299;-1;275;-200;40;282;-1;267;-200;-40;275;-1;269;20;20;329;-1;296;-20;20;328;-1;296;-20;-20;328;-1;296;20;-20;329;-1;297;40;200;282;-1;251;-40;200;269;-1;249;-40;-200;276;-1;255;40;-200;269;-1;257;220;40;282;-1;269;220;-40;287;-1;270;200;200;271;-1;242;-200;200;268;-1;236;-200;-200;258;-1;240;200;-200;245;-1;246;40;40;324;-1;285;-40;40;324;-1;285;-40;-40;324;-1;286;40;-40;324;-1;285;260;80;283;-1;261;260;-80;280;-1;262;-260;40;275;-1;258;-260;-40;270;-1;259;120;120;295;-1;264;-120;120;282;-1;261;-120;-120;282;-1;263;120;-120;270;-1;266;80;260;278;-1;237;-80;260;266;-1;234;-80;-260;272;-1;243;80;-260;265;-1;246;40;140;297;-1;265;-40;140;286;-1;263;-40;-140;297;-1;267;40;-140;284;-1;269;-140;40;298;-1;276;-140;-40;284;-1;277;0;0;334;-1;308;120;200;284;-1;248;-120;200;272;-1;244;-120;-200;276;-1;250;120;-200;260;-1;253;200;120;286;-1;260;-200;120;283;-1;254;-200;-120;268;-1;257;200;-120;259;-1;262;80;20;315;-1;287;-80;20;315;-1;287;-80;-20;316;-1;288;80;-20;316;-1;288;20;80;315;-1;278;-20;80;315;-1;277;-30;-90;305;-1;277;30;-90;305;-1;278

69798;681592;11/10/1950;male;undefined;;;;;OCTOPUS 1-2-3;?;?;?;;;3.6.1;0;G;3;100;0;31.4;6;0;0;00:01:58;10/05/2011;08:19:24;4;59;69;0;3;0;4;0;;+2.25;+0.25;67;;;;80;80;276;-1;277;-80;80;276;-1;276;-80;-80;276;-1;277;80;-80;252;-1;278;-200;40;271;-1;270;-200;-40;271;-1;272;20;20;281;-1;299;-20;20;296;-1;299;-20;-20;282;-1;299;20;-20;276;-1;300;40;200;252;-1;254;-40;200;251;-1;252;-40;-200;251;-1;258;40;-200;264;-1;260;220;40;259;-1;272;220;-40;266;-1;273;200;200;241;-1;245;-200;200;239;-1;239;-200;-200;234;-1;243;200;-200;267;-1;249;40;40;278;-1;288;-40;40;291;-1;288;-40;-40;291;-1;289;40;-40;266;-1;288;260;80;272;-1;264;260;-80;261;-1;265;-260;40;264;-1;261;-260;-40;263;-1;262;120;120;264;-1;267;-120;120;262;-1;264;-120;-120;260;-1;266;120;-120;260;-1;269;80;260;247;-1;240;-80;260;246;-1;237;-80;-260;233;-1;246;80;-260;257;-1;249;40;140;264;-1;268;-40;140;264;-1;266;-40;-140;276;-1;270;40;-140;265;-1;272;-140;40;275;-1;279;-140;-40;275;-1;280;0;0;299;-1;311;120;200;252;-1;251;-120;200;252;-1;247;-120;-200;204;-1;253;120;-200;261;-1;256;200;120;254;-1;263;-200;120;253;-1;257;-200;-120;271;-1;260;200;-120;281;-1;265;80;20;279;-1;290;-80;20;290;-1;290;-80;-20;279;-1;291;80;-20;249;-1;291;20;80;280;-1;281;-20;80;291;-1;280;-30;-90;280;-1;280;30;-90;260;-1;281

69799;681592;11/10/1950;male;undefined;;;;;OCTOPUS 1-2-3;?;?;?;;;3.6.1;0;G;3;100;0;31.4;6;0;0;00:01:57;14/05/2012;08:28:05;4;59;70;0;3;0;4;0;;+1;+0.25;22;;;;80;80;275;-1;277;-80;80;283;-1;276;-80;-80;284;-1;277;80;-80;291;-1;278;-200;40;293;-1;270;-200;-40;295;-1;272;20;20;303;-1;299;-20;20;294;-1;299;-20;-20;294;-1;299;20;-20;309;-1;300;40;200;252;-1;254;-40;200;251;-1;252;-40;-200;261;-1;258;40;-200;272;-1;260;220;40;270;-1;272;220;-40;281;-1;273;200;200;240;-1;245;-200;200;249;-1;239;-200;-200;254;-1;243;200;-200;257;-1;249;40;40;297;-1;288;-40;40;290;-1;288;-40;-40;291;-1;289;40;-40;304;-1;288;260;80;261;-1;264;260;-80;272;-1;265;-260;40;284;-1;261;-260;-40;286;-1;262;120;120;263;-1;267;-120;120;273;-1;264;-120;-120;275;-1;266;120;-120;276;-1;269;80;260;247;-1;240;-80;260;245;-1;237;-80;-260;257;-1;246;80;-260;265;-1;249;40;140;264;-1;268;-40;140;264;-1;266;-40;-140;264;-1;270;40;-140;277;-1;272;-140;40;288;-1;279;-140;-40;290;-1;280;0;0;307;-1;311;120;200;252;-1;251;-120;200;260;-1;247;-120;-200;260;-1;253;120;-200;269;-1;256;200;120;253;-1;263;-200;120;270;-1;257;-200;-120;270;-1;260;200;-120;269;-1;265;80;20;290;-1;290;-80;20;290;-1;290;-80;-20;290;-1;291;80;-20;327;-1;291;20;80;291;-1;281;-20;80;291;-1;280;-30;-90;280;-1;280;30;-90;280;-1;281

69800;681592;11/10/1950;male;undefined;;;;;OCTOPUS 1-2-3;?;?;?;;;3.6.1;0;G;3;100;0;31.4;6;0;0;00:01:59;06/03/2013;13:19:21;4;59;69;0;3;0;4;0;;+1;+0.25;22;;;;80;80;289;-1;276;-80;80;295;-1;275;-80;-80;297;-1;276;80;-80;275;-1;277;-200;40;271;-1;269;-200;-40;302;-1;271;20;20;304;-1;298;-20;20;310;-1;298;-20;-20;317;-1;298;20;-20;305;-1;299;40;200;274;-1;253;-40;200;273;-1;251;-40;-200;269;-1;257;40;-200;261;-1;259;220;40;279;-1;271;220;-40;271;-1;272;200;200;256;-1;244;-200;200;243;-1;238;-200;-200;267;-1;242;200;-200;242;-1;248;40;40;299;-1;287;-40;40;306;-1;287;-40;-40;313;-1;288;40;-40;299;-1;287;260;80;271;-1;263;260;-80;262;-1;264;-260;40;273;-1;260;-260;-40;295;-1;261;120;120;278;-1;266;-120;120;272;-1;263;-120;-120;286;-1;265;120;-120;264;-1;268;80;260;270;-1;239;-80;260;269;-1;236;-80;-260;264;-1;245;80;-260;257;-1;248;40;140;276;-1;267;-40;140;276;-1;265;-40;-140;276;-1;269;40;-140;264;-1;271;-140;40;299;-1;278;-140;-40;309;-1;279;0;0;326;-1;310;120;200;269;-1;250;-120;200;277;-1;246;-120;-200;275;-1;252;120;-200;252;-1;255;200;120;268;-1;262;-200;120;220;-1;256;-200;-120;286;-1;259;200;-120;254;-1;264;80;20;316;-1;289;-80;20;316;-1;289;-80;-20;327;-1;290;80;-20;290;-1;290;20;80;291;-1;280;-20;80;280;-1;279;-30;-90;280;-1;279;30;-90;280;-1;280

69801;681592;11/10/1950;male;undefined;;;;;OCTOPUS 1-2-3;?;?;?;;;3.6.1;0;G;3;100;0;31.4;6;0;0;00:01:56;06/11/2015;13:59:46;4;59;69;0;3;1;4;0;;0;0;;;;;80;80;287;-1;274;-80;80;287;-1;273;-80;-80;294;-1;274;80;-80;294;-1;275;-200;40;274;-1;267;-200;-40;275;-1;269;20;20;304;-1;296;-20;20;303;-1;296;-20;-20;313;-1;296;20;-20;314;-1;297;40;200;273;-1;251;-40;200;261;-1;249;-40;-200;261;-1;255;40;-200;262;-1;257;220;40;277;-1;269;220;-40;284;-1;270;200;200;255;-1;242;-200;200;253;-1;236;-200;-200;258;-1;240;200;-200;259;-1;246;40;40;299;-1;285;-40;40;299;-1;285;-40;-40;309;-1;286;40;-40;309;-1;285;260;80;279;-1;261;260;-80;276;-1;262;-260;40;270;-1;258;-260;-40;266;-1;259;120;120;278;-1;264;-120;120;266;-1;261;-120;-120;282;-1;263;120;-120;282;-1;266;80;260;269;-1;237;-80;260;258;-1;234;-80;-260;257;-1;243;80;-260;258;-1;246;40;140;276;-1;265;-40;140;264;-1;263;-40;-140;284;-1;267;40;-140;284;-1;269;-140;40;277;-1;276;-140;-40;286;-1;277;0;0;316;-1;308;120;200;269;-1;248;-120;200;257;-1;244;-120;-200;268;-1;250;120;-200;268;-1;253;200;120;268;-1;260;-200;120;267;-1;254;-200;-120;270;-1;257;200;-120;270;-1;262;80;20;315;-1;287;-80;20;315;-1;287;-80;-20;279;-1;288;80;-20;279;-1;288;20;80;280;-1;278;-20;80;280;-1;277;-30;-90;305;-1;277;30;-90;305;-1;278

69802;681592;11/10/1950;male;undefined;;;;;OCTOPUS 1-2-3;?;?;?;;;3.6.1;0;G;3;100;0;31.4;6;0;0;00:01:59;11/01/2008;10:21:42;4;59;70;1;3;0;4;0;;+1.25;;;;;;80;80;277;-1;279;-80;80;302;-1;278;-80;-80;276;-1;279;80;-80;303;-1;280;-200;40;280;-1;272;-200;-40;271;-1;274;20;20;310;-1;301;-20;20;309;-1;301;-20;-20;307;-1;301;20;-20;316;-1;302;40;200;277;-1;256;-40;200;267;-1;254;-40;-200;264;-1;260;40;-200;280;-1;262;220;40;275;-1;274;220;-40;268;-1;275;200;200;274;-1;247;-200;200;247;-1;241;-200;-200;241;-1;245;200;-200;272;-1;251;40;40;301;-1;290;-40;40;318;-1;290;-40;-40;301;-1;291;40;-40;313;-1;290;260;80;270;-1;266;260;-80;282;-1;267;-260;40;273;-1;263;-260;-40;263;-1;264;120;120;278;-1;269;-120;120;273;-1;266;-120;-120;264;-1;268;120;-120;283;-1;271;80;260;272;-1;242;-80;260;263;-1;239;-80;-260;257;-1;248;80;-260;275;-1;251;40;140;297;-1;270;-40;140;284;-1;268;-40;-140;273;-1;272;40;-140;290;-1;274;-140;40;289;-1;281;-140;-40;283;-1;282;0;0;327;-1;313;120;200;284;-1;253;-120;200;258;-1;249;-120;-200;252;-1;255;120;-200;277;-1;258;200;120;287;-1;265;-200;120;259;-1;259;-200;-120;263;-1;262;200;-120;279;-1;267;80;20;286;-1;292;-80;20;316;-1;292;-80;-20;290;-1;293;80;-20;316;-1;293;20;80;295;-1;283;-20;80;315;-1;282;-30;-90;280;-1;282;30;-90;305;-1;283

69803;681592;11/10/1950;male;undefined;;;;;OCTOPUS 1-2-3;?;?;?;;;3.6.1;0;G;3;100;0;31.4;6;0;0;00:01:57;04/11/2013;12:38:12;4;59;70;0;3;0;4;0;;+1;+0.25;22;;;;80;80;289;-1;276;-80;80;308;-1;275;-80;-80;310;-1;276;80;-80;310;-1;277;-200;40;292;-1;269;-200;-40;302;-1;271;20;20;319;-1;298;-20;20;319;-1;298;-20;-20;328;-1;298;20;-20;329;-1;299;40;200;274;-1;253;-40;200;263;-1;251;-40;-200;269;-1;257;40;-200;277;-1;259;220;40;288;-1;271;220;-40;297;-1;272;200;200;256;-1;244;-200;200;249;-1;238;-200;-200;258;-1;242;200;-200;275;-1;248;40;40;313;-1;287;-40;40;316;-1;287;-40;-40;325;-1;288;40;-40;324;-1;287;260;80;280;-1;263;260;-80;287;-1;264;-260;40;295;-1;260;-260;-40;295;-1;261;120;120;278;-1;266;-120;120;279;-1;263;-120;-120;282;-1;265;120;-120;297;-1;268;80;260;270;-1;239;-80;260;247;-1;236;-80;-260;264;-1;245;80;-260;273;-1;248;40;140;283;-1;267;-40;140;289;-1;265;-40;-140;284;-1;269;40;-140;297;-1;271;-140;40;299;-1;278;-140;-40;309;-1;279;0;0;335;-1;310;120;200;269;-1;250;-120;200;222;-1;246;-120;-200;268;-1;252;120;-200;284;-1;255;200;120;268;-1;262;-200;120;286;-1;256;-200;-120;276;-1;259;200;-120;287;-1;264;80;20;316;-1;289;-80;20;316;-1;289;-80;-20;327;-1;290;80;-20;327;-1;290;20;80;291;-1;280;-20;80;315;-1;279;-30;-90;315;-1;279;30;-90;315;-1;280

69804;681592;11/10/1950;male;undefined;;;;;OCTOPUS 1-2-3;?;?;?;;;3.6.1;0;G;3;100;0;31.4;6;0;0;00:02:00;28/04/2014;08:40:29;4;59;71;1;3;0;4;0;;+1;-0.25;131;;;;80;80;273;-1;276;-80;80;288;-1;275;-80;-80;289;-1;276;80;-80;275;-1;277;-200;40;268;-1;269;-200;-40;269;-1;271;20;20;304;-1;298;-20;20;303;-1;298;-20;-20;314;-1;298;20;-20;305;-1;299;40;200;242;-1;253;-40;200;257;-1;251;-40;-200;262;-1;257;40;-200;253;-1;259;220;40;295;-1;271;220;-40;280;-1;272;200;200;255;-1;244;-200;200;253;-1;238;-200;-200;244;-1;242;200;-200;242;-1;248;40;40;288;-1;287;-40;40;299;-1;287;-40;-40;310;-1;288;40;-40;299;-1;287;260;80;286;-1;263;260;-80;272;-1;264;-260;40;272;-1;260;-260;-40;262;-1;261;120;120;273;-1;266;-120;120;278;-1;263;-120;-120;271;-1;265;120;-120;264;-1;268;80;260;250;-1;239;-80;260;256;-1;236;-80;-260;257;-1;245;80;-260;249;-1;248;40;140;208;-1;267;-40;140;276;-1;265;-40;-140;277;-1;269;40;-140;272;-1;271;-140;40;277;-1;278;-140;-40;283;-1;279;0;0;316;-1;310;120;200;278;-1;250;-120;200;268;-1;246;-120;-200;261;-1;252;120;-200;252;-1;255;200;120;286;-1;262;-200;120;268;-1;256;-200;-120;253;-1;259;200;-120;254;-1;264;80;20;306;-1;289;-80;20;316;-1;289;-80;-20;290;-1;290;80;-20;290;-1;290;20;80;270;-1;280;-20;80;280;-1;279;-30;-90;315;-1;279;30;-90;280;-1;280

69807;681592;11/10/1950;male;undefined;;;;;OCTOPUS 1-2-3;?;?;?;;;3.6.1;0;G;3;100;0;31.4;6;0;0;00:01:59;07/02/2017;13:33:18;4;59;71;0;3;0;4;0;;CSG;;;;;;80;80;307;-1;274;-80;80;295;-1;273;-80;-80;300;-1;274;80;-80;295;-1;275;-200;40;282;-1;267;-200;-40;275;-1;269;20;20;320;-1;296;-20;20;317;-1;296;-20;-20;328;-1;296;20;-20;317;-1;297;40;200;274;-1;251;-40;200;246;-1;249;-40;-200;261;-1;255;40;-200;253;-1;257;220;40;292;-1;269;220;-40;303;-1;270;200;200;271;-1;242;-200;200;253;-1;236;-200;-200;244;-1;240;200;-200;255;-1;246;40;40;316;-1;285;-40;40;313;-1;285;-40;-40;324;-1;286;40;-40;312;-1;285;260;80;294;-1;261;260;-80;296;-1;262;-260;40;275;-1;258;-260;-40;270;-1;259;120;120;295;-1;264;-120;120;266;-1;261;-120;-120;271;-1;263;120;-120;275;-1;266;80;260;270;-1;237;-80;260;243;-1;234;-80;-260;257;-1;243;80;-260;249;-1;246;40;140;289;-1;265;-40;140;262;-1;263;-40;-140;277;-1;267;40;-140;272;-1;269;-140;40;298;-1;276;-140;-40;284;-1;277;0;0;334;-1;308;120;200;284;-1;248;-120;200;251;-1;244;-120;-200;261;-1;250;120;-200;260;-1;253;200;120;286;-1;260;-200;120;275;-1;254;-200;-120;260;-1;257;200;-120;277;-1;262;80;20;315;-1;287;-80;20;315;-1;287;-80;-20;316;-1;288;80;-20;316;-1;288;20;80;315;-1;278;-20;80;280;-1;277;-30;-90;305;-1;277;30;-90;270;-1;278

69808;681592;11/10/1950;male;undefined;;;;;OCTOPUS 1-2-3;?;?;?;;;3.6.1;0;G;3;100;0;31.4;6;0;0;00:01:55;24/10/2017;10:53:06;4;59;69;0;3;0;4;0;;-1.25;-0.25;160;;;;80;80;307;-1;273;-80;80;307;-1;272;-80;-80;307;-1;273;80;-80;299;-1;274;-200;40;291;-1;266;-200;-40;292;-1;268;20;20;328;-1;295;-20;20;327;-1;295;-20;-20;327;-1;295;20;-20;329;-1;296;40;200;280;-1;250;-40;200;269;-1;248;-40;-200;268;-1;254;40;-200;277;-1;256;220;40;282;-1;268;220;-40;276;-1;269;200;200;270;-1;241;-200;200;267;-1;235;-200;-200;257;-1;239;200;-200;258;-1;245;40;40;324;-1;284;-40;40;324;-1;284;-40;-40;324;-1;285;40;-40;324;-1;284;260;80;274;-1;260;260;-80;269;-1;261;-260;40;284;-1;257;-260;-40;284;-1;258;120;120;295;-1;263;-120;120;282;-1;260;-120;-120;282;-1;262;120;-120;282;-1;265;80;260;277;-1;236;-80;260;266;-1;233;-80;-260;264;-1;242;80;-260;272;-1;245;40;140;297;-1;264;-40;140;286;-1;262;-40;-140;284;-1;266;40;-140;297;-1;268;-140;40;298;-1;275;-140;-40;298;-1;276;0;0;334;-1;307;120;200;282;-1;247;-120;200;272;-1;243;-120;-200;268;-1;249;120;-200;276;-1;252;200;120;284;-1;259;-200;120;283;-1;253;-200;-120;276;-1;256;200;-120;268;-1;261;80;20;315;-1;286;-80;20;315;-1;286;-80;-20;315;-1;287;80;-20;315;-1;287;20;80;315;-1;277;-20;80;315;-1;276;-30;-90;305;-1;276;30;-90;305;-1;277

